Genre,Rating
Fiction,4.64833333333333
Non Fiction,4.59516129032258
